num_files,app_name,num_permissions,num_providers,file_size_kb,package_name,num_intents,version_name,total_methods,num_services,version_code,has_native_code,num_receivers,num_activities,label
947,1641,11,2,3666.9228515625,927,3,0,29524,6,1078.0,0,5,11,0
297,704,0,0,780.611328125,980,3,0,45,0,512.0,0,0,1,0
190,1730,3,0,2019.7490234375,1004,3,0,30071,0,18.0,0,0,8,0
526,714,12,0,51003.953125,1379,3,0,28313,2,103.0,1,4,6,0
580,141,7,1,4270.7119140625,492,4,0,40809,0,53.0,0,1,12,0
809,687,2,0,4190.2060546875,532,3,0,31325,0,7.0,0,0,241,0
1063,1532,11,0,6163.6435546875,651,9,0,58915,4,17.0,0,7,16,0
190,1676,3,0,3436.052734375,1356,2,0,26121,0,1.0,0,0,6,0
1089,82,17,1,23915.1806640625,345,0,0,57533,6,2037.0,1,4,31,0
1319,1315,2,0,33618.791015625,1338,2,0,12792,0,3.0,1,0,5,0
836,548,10,1,3438.7607421875,1644,7,0,23907,5,10000017.0,0,2,12,0
675,1501,5,0,7572.2392578125,286,8,0,14028,5,93.0,1,1,26,0
10,1656,2,0,80.5615234375,1310,2,0,151,0,13.0,1,0,1,0
1602,1244,23,1,14490.966796875,1245,5,0,86615,2,272.0,0,5,38,0
597,771,8,0,12817.2744140625,1192,3,0,51545,3,45.0,1,6,20,0
456,1857,6,2,8871.2978515625,756,7,0,12987,3,1702020.0,0,4,29,0
222,921,0,0,2258.0546875,1125,2,0,448,0,2.0,0,0,3,0
29,151,7,0,3340.5068359375,517,6,0,4939,0,1.0,0,0,6,0
354,1763,3,0,2602.794921875,127,2,0,28326,0,2.0,0,0,4,0
253,1178,5,0,5739.4287109375,1663,2,0,40863,0,5.0,0,0,6,0
477,172,7,1,18628.15234375,567,5,0,20675,0,1238461.0,1,1,27,0
498,1011,11,0,15015.5126953125,741,3,0,30950,2,2.0,1,0,5,0
1337,1181,8,1,4867.375,476,8,0,46226,2,15.0,0,4,12,0
1748,376,15,0,7401.869140625,830,3,0,42342,2,33.0,0,3,16,0
2596,136,29,6,14006.2548828125,451,14,0,103001,37,6374.0,0,39,61,0
228,1013,2,0,1402.78515625,1250,2,0,21792,0,28.0,0,0,3,0
1395,1614,14,0,36742.630859375,1776,2,0,60394,2,114763.0,1,3,33,0
170,931,6,0,23622.1533203125,265,2,0,49990,0,1000004.0,1,0,8,0
91,162,4,0,15680.46484375,23,3,0,3832,0,4000000.0,1,0,1,0
910,263,11,1,5418.4208984375,230,3,0,38625,5,401707032.0,0,5,6,0
587,631,2,0,4619.1162109375,1028,2,0,45614,0,1.0,0,0,6,0
1756,1770,10,1,5865.17578125,1495,7,0,31082,8,229.0,0,10,80,0
4159,409,5,0,19086.73828125,470,2,0,5290,0,113.0,0,0,6,0
566,1206,7,0,6661.1640625,1034,2,0,55947,2,1.0,0,1,12,0
394,326,6,0,47829.455078125,43,2,0,38936,1,1002003.0,1,0,9,0
2891,109,9,1,15222.1767578125,1858,5,0,99833,15,542.0,1,8,93,0
222,445,0,0,1963.6875,1123,2,0,448,0,3.0,0,0,3,0
2206,507,15,2,45694.640625,924,7,0,58568,5,43002.0,1,8,23,0
1655,1434,9,2,19162.5029296875,369,2,0,110044,3,100.0,1,5,64,0
664,1172,8,0,4601.298828125,719,2,0,53938,1,33.0,1,1,29,0
118,37,7,1,32381.267578125,1449,2,0,10867,1,5.0,1,1,4,0
1206,970,12,2,4977.0732421875,308,5,0,42522,2,90.0,0,2,4,0
2622,1014,14,1,13729.8955078125,153,8,0,68355,5,179.0,1,14,82,0
625,782,3,0,2743.6455078125,670,2,0,23421,0,10403.0,0,0,1,0
199,1121,5,0,1005.2763671875,146,2,0,4599,0,12.0,0,0,9,0
706,107,26,2,8706.41796875,388,0,0,42153,4,147.0,1,7,37,0
5828,1034,19,2,23111.5869140625,1704,12,0,115095,38,222.0,0,31,68,0
1017,289,9,1,6061.8310546875,1690,12,0,40170,4,16.0,0,2,19,0
2102,6,9,1,48520.6552734375,1697,3,0,59167,2,14.0,0,2,9,0
732,12,7,0,10350.74609375,817,2,0,50671,1,25.0,0,1,2,0
85,1056,2,0,493.15234375,818,22,0,4448,1,110.0,0,3,23,0
189,1193,4,0,2297.34375,98,11,0,7275,0,35.0,1,0,6,0
714,346,17,0,30907.986328125,784,5,0,42747,1,4.0,0,1,13,0
234,1009,2,1,16686.806640625,262,2,0,5235,1,1.0,1,5,4,0
1452,216,11,0,8352.3515625,611,2,0,55263,1,36.0,0,2,55,0
350,1027,9,1,12528.8046875,921,2,0,22814,7,1458289239.0,1,7,2,0
737,955,8,0,8377.9072265625,540,2,0,57812,0,4.0,0,0,13,0
1045,1283,16,3,32541.552734375,1825,3,0,88188,8,6.0,1,8,25,0
436,1737,11,1,6811.890625,954,2,0,29587,0,5.0,0,0,10,0
130,959,9,0,3104.896484375,1218,2,0,32824,2,10105.0,1,4,11,0
3276,1092,13,0,24724.244140625,1528,5,0,34439,5,450006.0,1,1,15,0
902,447,2,0,2474.7939453125,82,2,0,20692,0,14084.0,0,0,29,0
2103,1601,25,2,25118.6767578125,1750,18,0,78719,8,60.0,1,8,62,0
498,1149,1,0,4990.1298828125,1292,2,0,32822,0,1.0,0,0,3,0
169,1600,6,0,14355.5517578125,760,2,0,35872,0,20160602.0,1,0,3,0
288,1784,10,0,6062.6669921875,1681,2,0,55407,1,5.0,1,3,2,0
285,576,16,2,20490.85546875,1584,2,0,28573,5,300558.0,0,6,4,0
203,778,7,1,1857.517578125,1407,2,0,18745,0,3.0,0,1,13,0
227,692,4,0,2481.302734375,1523,5,0,18781,0,2016060700.0,0,0,5,0
122,1615,13,0,16864.6015625,629,3,0,11879,1,10000.0,0,1,2,0
893,224,27,3,4883.08203125,1153,2,0,39722,13,29.0,1,14,29,0
824,1262,10,0,6584.8193359375,1597,2,0,62391,1,12.0,0,1,25,0
815,968,14,0,30398.2392578125,1296,4,0,51550,4,656.0,1,1,17,0
1003,894,10,1,50153.349609375,811,3,0,46873,4,2001280900.0,1,5,4,0
1477,118,9,0,11359.7939453125,1238,5,0,44069,2,157.0,1,4,40,0
556,678,5,1,3948.01171875,1636,2,0,41546,2,3.0,0,4,6,0
1394,1754,32,0,3039.2763671875,1600,7,0,13865,3,507003.0,1,2,30,0
854,916,5,0,5767.607421875,780,2,0,18218,0,1.0,0,0,7,0
971,1902,16,1,12386.1416015625,1732,4,0,61441,5,7.0,0,2,27,0
606,1025,2,0,6250.96484375,1378,2,0,16235,0,5.0,0,0,7,0
490,448,11,0,13720.685546875,309,5,0,65049,11,3030.0,1,4,49,0
191,489,4,0,10886.96875,749,5,0,35684,0,16.0,0,0,3,0
1759,545,9,1,9279.373046875,665,8,0,71116,5,14114.0,0,8,9,0
432,674,3,0,2495.390625,246,3,0,32666,0,1.0,0,0,5,0
593,628,12,0,3579.751953125,1893,2,0,33815,0,2.0,0,0,7,0
573,329,6,0,2252.9794921875,340,2,0,16288,1,26.0,0,2,7,0
2308,1454,12,2,9186.50390625,203,15,0,34790,10,39190.0,1,13,31,0
243,528,9,0,50098.4970703125,753,4,0,24035,1,124365.0,1,3,4,0
5110,1130,23,7,38493.2578125,1417,42,0,53668,18,2704.0,1,8,47,0
393,1373,1,0,1044.076171875,854,2,0,12522,0,1.0,0,0,2,0
419,234,9,1,5290.8720703125,1045,6,0,34361,4,34.0,0,6,24,0
1182,427,12,1,45386.9951171875,12,3,0,26005,3,9006037.0,1,3,3,0
638,325,7,0,4264.275390625,735,2,0,27660,1,3.0,0,1,21,0
1415,1175,5,0,12442.150390625,1595,2,0,56705,0,197.0,0,0,5,0
340,1476,13,1,7904.810546875,1665,3,0,31694,3,72150.0,1,7,2,0
454,799,9,0,2662.666015625,1097,2,0,24970,2,14.0,0,1,11,0
221,453,18,0,6775.373046875,443,11,0,35860,4,33.0,0,2,12,0
1848,1067,12,2,26101.046875,306,3,0,53976,13,188.0,1,15,17,0
1437,546,6,5,4193.1025390625,89,11,0,28343,0,11254.0,0,7,34,0
5914,1467,3,0,10523.08984375,455,2,0,21930,0,205078.0,0,0,3,0
761,1398,5,1,33962.193359375,304,2,0,61429,0,26.0,1,2,15,0
2882,1200,10,5,20146.2275390625,746,8,0,100364,14,50307.0,1,9,81,0
494,1782,16,0,15857.736328125,477,2,0,50029,3,12.0,1,4,11,0
558,1484,4,0,15110.44140625,1463,2,0,20358,2,1.0,1,0,4,0
73,1030,0,0,553.7607421875,1171,3,0,4368,1,13.0,0,5,2,0
666,1099,14,0,9460.572265625,1542,2,0,22641,1,3.0,0,3,25,0
1029,1098,9,0,3712.2392578125,1541,2,0,43792,1,77.0,0,5,12,0
371,1444,8,0,11815.728515625,865,2,0,65330,1,29.0,0,1,14,0
30,943,0,0,5837.0224609375,1479,0,0,8,0,83.0,1,0,0,0
1083,1541,17,1,10752.19140625,852,6,0,61491,9,80.0,1,12,21,0
1920,127,4,0,28919.7421875,1801,2,0,30686,0,2.0,0,1,6,0
1571,1714,17,3,21602.466796875,175,12,0,105773,10,185.0,1,4,63,0
1514,342,7,0,5415.033203125,755,2,0,25481,2,80406.0,0,2,19,0
324,380,14,0,8016.7431640625,191,2,0,34574,2,2016020101.0,1,1,2,0
288,786,3,0,18300.142578125,58,2,0,14817,0,7005001.0,1,0,2,0
62,405,10,0,15917.7978515625,22,3,0,3783,0,2006002.0,1,0,1,0
951,789,6,2,8754.333984375,1530,2,0,51117,4,32.0,0,2,11,0
94,343,6,0,1761.921875,761,7,0,25420,2,678.0,0,3,5,0
759,1348,12,1,4427.1689453125,1698,7,0,40085,6,171.0,0,6,29,0
982,446,26,1,5190.2666015625,1643,10,0,72032,9,10.0,0,7,23,0
814,1806,7,0,3708.287109375,765,5,0,31628,0,4.0,0,0,13,0
335,1592,2,0,2451.9228515625,1915,2,0,29785,0,5.0,0,0,3,0
2416,960,15,0,9463.4609375,1462,3,0,43198,2,358.0,0,6,3,0
1316,347,21,1,8008.6279296875,211,2,0,33081,5,41.0,0,5,58,0
1075,234,12,1,6798.2412109375,139,8,0,34785,8,1189.0,1,12,39,0
2074,265,9,2,14148.046875,208,5,0,69859,13,90.0,0,8,40,0
730,729,31,1,6047.0849609375,774,24,0,16089,7,116.0,0,14,38,0
1271,997,15,2,8340.8828125,1355,6,0,58604,3,350.0,1,5,48,0
681,200,16,0,4243.58984375,701,2,0,25872,1,18.0,0,1,24,0
690,1284,5,1,15504.7509765625,1615,2,0,53475,0,31.0,1,1,22,0
1867,817,18,1,14256.0712890625,1173,8,0,70198,11,150.0,1,8,18,0
1548,577,14,3,20934.5615234375,797,3,0,49827,2,4272.0,1,5,39,0
995,1332,7,0,7214.3876953125,1568,2,0,50703,8,46.0,0,1,19,0
824,77,10,0,14339.8974609375,494,2,0,47173,0,14.0,1,0,6,0
4042,278,31,6,23137.1572265625,316,17,0,115561,11,449.0,1,9,45,0
244,803,9,0,10996.8837890625,1100,2,0,26472,0,2.0,1,0,7,0
3571,213,10,2,23517.2685546875,825,57,0,68898,2,15007.0,1,3,77,0
1381,560,10,1,10296.802734375,1802,3,0,41241,3,608.0,0,2,4,0
1602,1180,11,3,9075.3017578125,1693,0,0,54716,4,241.0,0,3,30,0
992,1212,12,0,17423.154296875,1082,9,0,30932,11,230.0,1,5,23,0
1809,726,10,3,24074.1142578125,1532,3,0,44763,4,6.0,0,1,58,0
431,777,6,0,2564.90234375,1607,2,0,31703,0,8.0,0,0,31,0
193,643,4,1,3432.3720703125,1115,6,0,31184,1,42.0,0,2,9,0
1330,1718,22,1,23861.1748046875,695,3,0,55640,4,35.0,0,5,68,0
491,1574,4,1,8554.953125,250,2,0,40829,0,3.0,1,0,14,0
1882,432,11,0,51156.2236328125,1175,2,0,17741,3,5.0,1,3,2,0
2864,1887,15,0,14497.26953125,1815,7,0,67836,4,59.0,1,7,30,0
72,1751,14,0,1353.27734375,1544,2,0,19991,0,1.0,0,1,4,0
383,350,15,0,9569.810546875,789,3,0,61834,4,212614.0,1,5,5,0
973,811,11,1,29192.0224609375,644,2,0,61520,4,71.0,1,6,23,0
1862,728,13,0,17593.45703125,633,3,0,58375,4,13208.0,0,4,8,0
1523,534,15,3,14156.1875,1006,3,0,61113,21,6.0,1,5,17,0
729,1619,6,1,6602.0048828125,1485,2,0,39337,4,9.0,0,4,11,0
1571,440,16,1,22233.98828125,148,38,0,124799,10,60010028.0,1,10,55,0
921,871,13,1,4462.359375,1158,8,0,34359,4,8.0,0,4,40,0
1198,987,26,0,5348.6064453125,1322,2,0,52881,5,61.0,1,9,80,0
270,1291,8,0,3873.203125,989,2,0,16440,3,557720.0,0,1,1,0
51,1082,5,0,119.76953125,941,5,0,1282,1,124.0,0,1,4,0
2353,138,15,0,21391.73046875,462,5,0,54990,2,3003011.0,1,1,52,0
1941,1596,10,2,10336.66796875,566,5,0,49709,6,602052.0,0,8,32,0
877,403,11,0,7913.888671875,36,3,0,245,0,25.0,1,0,1,0
2285,1595,9,3,14196.5556640625,566,8,0,64709,6,700044.0,0,8,45,0
127,500,0,0,14391.68359375,332,3,0,2233,1,9.0,1,1,2,0
893,1022,12,0,5523.775390625,1439,8,0,55758,6,2.0,0,7,32,0
686,1726,20,1,3891.6875,1070,3,0,31304,1,810.0,0,1,16,0
258,1045,7,0,1083.2431640625,1181,31,0,3330,1,25.0,0,2,18,0
1604,494,13,1,12054.919921875,1253,5,0,70587,4,101.0,1,6,31,0
1232,235,13,2,13213.4169921875,625,5,0,36588,8,575.0,0,8,19,0
1081,166,10,0,5152.9833984375,327,11,0,48730,2,94.0,0,1,18,0
3072,176,11,2,24710.6328125,569,10,0,40637,5,40209000.0,1,6,24,0
1056,3,4,0,35358.5078125,1457,2,0,25122,0,16.0,1,0,3,0
158,770,10,0,6257.154296875,1598,2,0,21544,1,46.0,0,1,2,0
590,893,3,0,3488.69921875,1608,2,0,32626,1,12.0,0,0,8,0
3447,1750,12,0,22417.130859375,453,8,0,33183,3,13.0,1,5,17,0
1641,1321,16,2,12984.453125,371,7,0,63024,8,20160601.0,0,6,38,0
394,638,7,0,2472.0380859375,688,2,0,36459,1,1.0,0,1,4,0
633,1016,10,0,2362.6474609375,1884,2,0,27197,2,11.0,0,0,4,0
1161,1805,3,0,5867.5380859375,524,2,0,16085,0,6.0,0,0,5,0
874,89,7,1,3556.8330078125,1076,28,0,20128,0,31.0,0,0,17,0
993,1327,5,1,29462.1357421875,466,2,0,20197,1,102.0,1,4,5,0
2027,1761,13,0,14278.5400390625,1146,38,0,31685,4,60602.0,1,5,44,0
429,917,8,0,3879.505859375,822,2,0,41338,0,1.0,0,0,9,0
59,174,6,0,1845.23046875,974,3,0,15105,1,49.0,0,1,21,0
3056,1538,29,3,16988.5341796875,1857,8,0,101427,16,917.0,1,13,22,0
288,201,3,0,21302.0068359375,57,2,0,14817,0,7005001.0,1,0,2,0
462,1381,12,0,1580.5361328125,1398,4,0,17655,1,2.0,0,1,3,0
650,847,13,1,8893.533203125,1228,2,0,24936,0,62.0,1,0,9,0
176,743,2,0,4555.447265625,1369,2,0,32313,0,2.0,0,0,8,0
2301,1496,17,5,13669.0927734375,1682,0,0,81732,5,61.0,1,10,86,0
1177,1419,7,1,20971.525390625,1319,6,0,37474,3,24.0,1,2,23,0
860,486,6,1,20231.517578125,1677,2,0,56200,0,13.0,1,0,21,0
271,349,14,0,6886.1591796875,248,3,0,53666,3,2.0,1,3,3,0
934,1550,9,1,6035.8408203125,167,7,0,47013,4,37.0,1,3,23,0
1301,297,8,1,5318.806640625,827,3,0,58388,3,5.0,0,7,39,0
628,110,17,0,27924.8662109375,557,2,0,57901,2,2021.0,1,10,6,0
496,1006,13,1,47779.7783203125,34,3,0,62860,2,6007000.0,1,3,16,0
3290,391,16,4,13545.6123046875,874,69,0,64952,11,1724.0,1,10,92,0
704,1289,11,0,4038.216796875,706,9,0,16264,0,5.0,0,0,27,0
853,480,5,1,11293.8466796875,624,2,0,32881,0,17.0,0,0,4,0
1702,336,19,0,22740.7861328125,1167,4,0,53733,4,56.0,1,6,30,0
508,681,2,0,3420.4208984375,1605,2,0,43996,1,1.0,0,1,11,0
1098,1106,18,0,10483.3291015625,1325,5,0,38332,3,791.0,0,2,24,0
140,658,5,1,2212.0419921875,988,4,0,3561,0,1112.0,0,0,6,0
553,1324,9,0,4689.859375,1291,5,0,23358,1,25.0,0,2,17,0
2061,1699,22,2,11039.8134765625,1885,11,0,52560,15,1152601.0,1,7,40,0
994,362,5,1,12617.443359375,904,2,0,51951,0,1.0,0,0,14,0
2042,364,17,3,10336.3349609375,806,5,0,64289,20,107103.0,0,7,9,0
1059,1613,15,0,7363.09765625,480,2,0,53658,3,1001.0,0,3,43,0
254,1707,11,0,6155.4541015625,283,2,0,60548,0,62.0,1,0,5,0
573,1571,9,0,8275.3759765625,516,2,0,47814,0,6.0,0,0,5,0
1005,816,8,0,4063.943359375,1165,3,0,47821,3,3.0,0,7,27,0
728,1559,13,0,17773.6171875,83,2,0,19914,4,109009.0,1,3,1,0
2539,540,6,0,18822.966796875,1320,7,0,16410,0,37.0,1,0,21,0
40,1545,3,0,183.0263671875,1366,2,0,854,0,270.0,0,0,13,0
1104,1019,17,0,30612.669921875,558,2,0,54206,3,2022.0,1,10,6,0
1793,199,11,0,30286.2080078125,663,21,0,108562,5,3045.0,1,6,52,0
302,131,14,0,18046.5302734375,60,2,0,15363,1,1000004.0,1,1,2,0
349,901,14,2,29488.1279296875,960,4,0,26578,3,31120.0,1,9,9,0
838,1032,1,0,4648.0751953125,1448,2,0,6240,0,11.0,0,0,45,0
75,536,12,0,8621.466796875,166,2,0,32211,2,4.0,1,1,2,0
1901,783,12,1,12941.53515625,287,8,0,49435,4,2000599.0,1,4,51,0
1182,199,9,0,10161.904296875,663,21,0,73319,1,5378.0,1,4,19,0
273,1769,10,0,3192.5302734375,813,2,0,39282,3,1.0,1,3,10,0
810,50,14,0,5314.2880859375,1870,8,0,62610,2,4420.0,0,7,28,0
111,1667,6,0,3957.486328125,1469,2,0,24788,0,10.0,0,0,2,0
987,664,6,0,8589.6337890625,1010,10,0,41270,0,4.0,0,0,5,0
3278,1531,22,2,14544.67578125,1707,6,0,83529,11,1606010649.0,0,13,76,0
745,1552,8,0,25484.2626953125,1737,2,0,9990,0,6.0,0,1,5,0
305,1278,21,1,12004.3935546875,95,2,0,54215,5,13.0,1,4,7,0
1589,859,11,1,27741.8349609375,913,2,0,88368,9,137.0,0,8,50,0
426,870,3,1,1666.9306640625,1565,2,0,20011,0,19.0,0,0,4,0
1166,1367,9,2,33709.931640625,163,6,0,94976,9,104.0,1,11,31,0
362,1364,12,0,7856.4404296875,81,2,0,25189,3,31.0,0,6,25,0
974,559,11,2,6673.0087890625,943,2,0,51663,11,68.0,0,10,11,0
855,180,5,0,13768.314453125,1492,2,0,21178,0,1.0,0,0,3,0
182,1047,8,0,1802.3330078125,1471,9,0,33543,1,8.0,0,2,14,0
334,60,6,1,33037.611328125,467,8,0,20743,0,4.0,0,0,5,0
2465,981,12,2,11663.6337890625,363,2,0,75480,7,64.0,0,6,20,0
1505,1669,21,0,13082.8994140625,595,15,0,25277,5,334.0,1,5,33,0
3985,1002,10,2,13053.2841796875,1358,14,0,48885,8,408020.0,0,5,75,0
6794,1742,23,3,26059.6591796875,1042,6,0,116411,35,297.0,0,10,92,0
347,798,5,0,808.8349609375,1096,2,0,6295,0,1013.0,0,0,1,0
793,1037,4,1,10226.0400390625,428,2,0,16328,0,14.0,0,0,4,0
206,595,4,0,20730.4775390625,949,2,0,25642,1,1000000.0,1,0,5,0
231,621,0,0,1938.9267578125,1133,5,0,589,0,1.0,0,1,5,0
282,1319,2,0,1946.7607421875,1168,2,0,16795,1,81.0,0,1,4,0
483,948,6,2,8766.9638671875,1428,5,0,42739,1,74.0,1,1,5,0
1656,589,12,0,11952.15234375,1396,4,0,63284,9,679.0,0,9,43,0
248,1779,10,0,5950.189453125,1619,2,0,55348,1,4.0,1,3,2,0
670,1392,19,1,5218.1298828125,1206,2,0,64588,7,1.0,0,8,12,0
593,581,12,0,6399.94140625,403,2,0,33814,0,3.0,0,0,7,0
619,444,8,2,27000.2998046875,878,6,0,64058,6,1000026.0,1,8,46,0
1466,496,19,0,7734.0576171875,1194,14,0,65132,6,43.0,0,7,99,0
453,260,24,0,2603.404296875,1537,4,0,11392,8,78.0,0,6,27,0
565,149,11,1,4267.6962890625,511,2,0,36335,4,1.0,0,3,9,0
281,1792,2,0,17916.7080078125,61,2,0,14745,0,1000008.0,1,0,2,0
985,1100,12,1,19498.5361328125,72,4,0,31168,3,2006000.0,1,5,5,0
437,1629,14,0,48934.0517578125,1572,2,0,30349,1,32.0,1,2,11,0
899,1753,14,2,3617.7138671875,1180,5,0,16835,8,2023.0,0,9,7,0
1433,953,6,0,40587.583984375,1432,2,0,53316,0,50.0,1,0,8,0
112,1569,5,0,29102.03515625,56,2,0,5895,0,4028001.0,1,1,2,0
920,1338,13,1,5509.5830078125,1762,4,0,70037,4,19.0,0,2,17,0
577,182,6,0,3063.908203125,1504,3,0,31698,2,58.0,0,1,14,0
563,88,8,1,2828.3251953125,505,2,0,36091,5,4.0,0,2,3,0
288,1511,3,0,18092.4677734375,27,2,0,14801,0,8002007.0,1,0,2,0
953,918,4,0,11311.41015625,94,12,0,28812,1,4.0,0,1,20,0
830,332,12,0,16928.9794921875,1447,6,0,56957,3,150101.0,1,3,18,0
4109,167,18,1,36509.3310546875,609,20,0,109167,13,52001005.0,1,10,76,0
208,1322,6,0,18594.0341796875,13,2,0,8090,0,3001101.0,1,1,1,0
5287,1791,40,1,22291.4404296875,1242,14,0,81304,22,1402342.0,1,26,132,0
641,399,8,0,14616.7880859375,1078,2,0,21978,1,1.0,0,0,12,0
217,990,4,0,11780.2333984375,267,3,0,20880,0,1.0,0,0,6,0
970,228,15,1,8421.9228515625,1382,7,0,33719,8,309.0,0,6,42,0
2023,1654,12,0,20067.9599609375,1506,5,0,55371,4,25.0,1,2,17,0
786,1372,5,1,2396.2275390625,650,3,0,32169,4,20601.0,0,4,7,0
574,1589,3,0,2628.623046875,1377,5,0,31169,0,17.0,0,0,12,0
1135,1480,8,1,19145.716796875,237,8,0,44269,3,82.0,0,4,16,0
731,708,7,0,31419.943359375,10,2,0,58678,0,1310000.0,1,0,5,0
1743,673,6,1,47968.9111328125,733,2,0,54511,1,311.0,1,6,13,0
3260,876,9,1,12770.7705078125,1622,8,0,41519,0,2020916164.0,1,0,54,0
90,739,3,0,28987.7001953125,1524,2,0,2544,0,7.0,1,0,2,0
1848,1134,15,0,7585.3837890625,155,2,0,45199,3,11.0,0,6,10,0
843,1602,4,0,2392.3974609375,1631,4,0,31519,1,1.0,0,1,5,0
575,1197,6,1,3625.5830078125,1084,17,0,21876,0,2015021310.0,1,1,16,0
153,1429,4,0,27386.5859375,1646,2,0,52938,0,41.0,1,0,6,0
924,203,8,0,28963.1748046875,107,2,0,35924,0,69.0,0,0,13,0
1868,52,11,1,12723.5205078125,537,8,0,71635,7,352.0,1,8,45,0
804,1341,10,1,43845.8134765625,375,5,0,37132,5,68.0,1,4,11,0
2114,505,14,2,9287.923828125,149,4,0,48659,8,131.0,0,4,51,0
1326,317,11,0,40956.8203125,726,5,0,60541,6,2060701.0,1,5,18,0
337,488,14,0,7342.1357421875,1397,3,0,46752,1,34.0,1,3,11,0
197,642,4,1,3236.349609375,1110,6,0,31185,1,42.0,0,2,9,0
59,305,6,0,444.044921875,722,3,0,3422,0,1.0,0,0,3,0
68,821,5,0,2374.966796875,1199,2,0,11695,1,1.0,0,1,3,0
1439,1500,18,0,11337.4951171875,1688,2,0,90218,6,58.0,0,4,51,0
880,819,5,0,16368.5537109375,228,3,0,47713,1,26.0,0,1,1,0
499,1349,8,2,38617.236328125,1793,2,0,59350,3,45.0,1,2,11,0
347,749,7,0,22717.4248046875,64,2,0,26531,1,1000.0,1,2,11,0
1600,878,5,0,12653.125,810,2,0,43065,3,14.0,1,3,41,0
206,146,7,1,2047.4130859375,1414,2,0,18761,0,6.0,0,1,13,0
560,933,11,0,435.34375,1841,2,0,1037,2,1.0,0,3,3,1
117,479,10,0,2142.82421875,1836,2,0,20031,1,11.0,1,1,6,1
38,1832,8,0,563.1474609375,1050,2,0,874,3,1000.0,0,1,4,1
97,1219,29,0,872.3525390625,114,2,0,505,2,1.0,0,3,4,1
97,1219,29,0,872.3408203125,1916,2,0,505,2,1.0,0,3,4,1
27,950,25,0,911.6328125,890,2,0,7307,4,4.0,0,5,4,1
22,1841,21,0,327.9775390625,1656,3,0,3812,2,1.0,0,4,3,1
42,1888,25,2,2455.1787109375,1822,6,0,31436,28,2100.0,1,18,11,1
892,933,11,0,945.4716796875,1841,2,0,4524,2,1.0,0,3,3,1
626,895,16,0,9123.7763671875,343,2,0,5454,2,19.0,0,5,33,1
429,962,5,0,2687.41015625,1839,2,0,39264,1,1.0,0,3,2,1
25,1896,7,0,725.6904296875,404,2,0,256,0,1.0,0,0,3,1
32,1466,29,0,547.3046875,668,2,0,1108,7,30.0,0,4,5,1
875,897,40,1,6860.828125,1555,5,0,66419,13,1018.0,1,9,24,1
14,1146,24,0,41.337890625,1526,2,0,101,0,2.0,0,0,1,1
459,512,9,0,3426.3310546875,1470,2,0,29412,0,1.0,0,0,2,1
12,1270,18,0,132.470703125,931,2,0,918,1,1.0,0,1,1,1
26,1851,8,0,421.49609375,1654,2,0,183,1,80.0,0,2,1,1
12,247,7,0,242.685546875,1823,2,0,2470,0,1.0,0,1,1,1
128,238,3,0,469.65625,639,2,0,6704,0,22.0,0,0,22,1
75,1216,16,0,666.5361328125,1848,2,0,378,1,1.0,0,2,2,1
781,1853,12,0,2213.439453125,418,2,0,2179,1,1.0,0,0,3,1
192,1858,25,0,5459.5283203125,1586,4,0,9194,7,2016.0,1,5,5,1
1041,1795,36,1,3917.060546875,1257,7,0,23293,4,45.0,1,6,73,1
427,1458,5,0,2651.9990234375,1907,2,0,39264,1,1.0,0,3,2,1
340,1840,14,0,1949.91796875,412,2,0,19459,0,2.0,1,0,1,1
26,1187,22,0,294.2109375,336,0,0,4315,1,161.0,0,6,3,1
11,1253,1,0,2977.1650390625,1039,2,0,83,0,4.0,1,0,1,1
75,1216,16,0,667.6494140625,1845,2,0,391,1,1.0,0,2,2,1
21,1217,26,0,756.0224609375,873,2,0,12747,3,1.0,1,4,1,1
1638,1189,11,0,26831.951171875,1904,3,0,48026,2,22.0,0,4,16,1
429,858,5,0,2637.884765625,1925,2,0,39264,1,1.0,0,3,2,1
429,157,5,0,2642.892578125,1838,2,0,39264,1,1.0,0,3,2,1
19,1749,5,0,360.28515625,273,2,0,1407,0,1.0,0,2,2,1
39,1218,14,0,676.6943359375,696,2,0,275,1,1.0,0,3,2,1
694,1862,9,0,3424.080078125,1847,2,0,14487,1,2.0,0,4,2,1
125,248,18,0,584.4609375,1652,2,0,1240,4,9.0,1,1,7,1
38,1832,8,0,559.642578125,1050,2,0,868,3,1000.0,0,1,4,1
12,1386,21,0,119.9716796875,135,2,0,75,0,1.0,0,0,1,1
104,74,18,0,731.8251953125,319,2,0,5683,6,1.0,0,5,4,1
12,247,7,0,242.9169921875,405,2,0,2470,0,1.0,0,1,1,1
1525,1487,3,0,45500.0517578125,1627,2,0,13516,0,7.0,0,0,1,1
176,1508,9,0,3025.494140625,1912,2,0,20629,1,10.0,1,1,6,1
19,1802,7,0,108.060546875,5,3,0,301,1,1.0,0,2,2,1
19,123,2,0,780.357421875,1151,2,0,116,1,1.0,0,1,1,1
32,1220,5,0,3376.787109375,1617,2,0,127,1,1.0,0,2,1,1
75,1216,16,0,667.0078125,128,2,0,396,1,1.0,0,2,2,1
341,1823,14,0,11964.7412109375,412,2,0,19453,0,2.0,1,0,1,1
19,1802,7,0,75.287109375,5,3,0,231,1,1.0,0,2,2,1
12,247,7,0,242.9169921875,405,2,0,2470,0,1.0,0,1,1,1
128,238,3,0,445.6279296875,639,2,0,4535,0,22.0,0,0,22,1
76,223,21,0,606.21875,947,2,0,1203,1,1.0,1,1,1,1
426,541,0,0,1366.458984375,1585,2,0,17039,0,1.0,0,0,1,1
38,1832,8,0,565.6484375,1050,2,0,867,3,1000.0,0,1,4,1
614,1251,8,0,4520.7529296875,1587,2,0,2343,1,100001.0,1,1,8,1
619,144,6,0,4300.865234375,1843,0,0,42600,4,1060000.0,1,5,4,1
26,1815,8,0,10902.193359375,879,3,0,9345,0,70170.0,1,0,2,1
12,1689,20,0,90.783203125,597,2,0,1104,1,1.0,0,1,1,1
327,1881,9,0,1690.4794921875,416,2,0,2625,1,2.0,0,3,2,1
14,188,18,0,629.7265625,1846,2,0,8167,1,1.0,0,0,2,1
1503,1892,39,0,9936.552734375,1635,11,0,49325,10,6007891.0,1,3,41,1
32,1802,29,0,284.0205078125,1747,2,0,1108,7,30.0,0,4,5,1
26,1179,5,0,142.5576171875,1896,2,0,1566,0,29.0,0,0,3,1
714,1843,28,0,22999.5078125,1632,5,0,37032,7,130.0,1,2,8,1
181,1842,10,0,6142.0078125,619,24,0,9846,1,12.0,1,0,28,1
12,1257,8,0,108.2216796875,1791,2,0,232,0,1.0,1,1,1,1
1341,1889,25,0,60780.087890625,959,3,0,0,7,2.0,1,2,5,1
739,187,16,0,11532.2841796875,583,2,0,8166,0,1.0,0,0,5,1
613,1360,10,0,1305.5234375,1286,2,0,11353,2,7.0,0,4,7,1
32,1705,29,0,1175.0087890625,963,2,0,1108,7,30.0,0,4,5,1
7,1802,11,0,453.87109375,408,2,0,10791,2,1.0,0,1,1,1
12,1689,20,0,88.70703125,599,2,0,1080,1,1.0,0,1,1,1
213,1335,11,0,881.546875,282,5,0,5079,3,13.0,0,4,24,1
26,506,9,0,616.455078125,1056,2,0,1178,1,7.0,0,2,4,1
32,1803,29,0,273.947265625,648,2,0,1108,7,30.0,0,4,5,1
38,1832,8,0,559.0810546875,1050,2,0,867,3,1000.0,0,1,4,1
50,1648,19,0,10393.396484375,3,2,0,682,2,1.0,1,6,1,1
38,1832,8,0,562.78125,1050,2,0,873,3,1000.0,0,1,4,1
531,153,9,0,5207.32421875,518,2,0,34245,2,1.0,0,2,11,1
4625,571,79,4,32504.650390625,916,14,0,126525,38,10128.0,1,31,98,1
15,355,15,0,116.1904296875,1818,2,0,2158,2,1.0,0,2,2,1
875,1460,40,1,6755.84765625,1558,5,0,66419,13,1018.0,1,9,24,1
432,1406,16,0,30976.0380859375,1872,2,0,44307,0,16.0,1,8,14,1
26,1827,7,0,1642.515625,404,2,0,256,0,1.0,0,0,3,1
116,1203,34,0,8118.2578125,1178,4,0,6613,8,1.0,1,5,6,1
287,1465,35,0,8797.2197265625,1214,3,0,42094,5,1.0,1,4,5,1
32,1849,12,0,130.7783203125,1563,2,0,784,3,2.0,0,1,2,1
18,1875,8,0,437.19140625,1943,2,0,133,1,1.0,0,1,1,1
14,1802,34,0,63.9052734375,407,2,0,382,3,13.0,0,7,2,1
2481,1838,40,3,21509.0908203125,1634,11,0,190,24,152.0,1,15,104,1
17,1185,17,0,142.14453125,336,2,0,2156,1,133.0,0,1,2,1
50,1765,24,0,755.6025390625,1869,2,0,3046,1,181.0,1,1,5,1
457,1687,2,0,2199.0029296875,1657,2,0,29399,0,4.0,0,0,2,1
12,247,7,0,242.9169921875,405,2,0,2470,0,1.0,0,1,1,1
875,1735,40,1,6774.6865234375,1552,5,0,66419,13,1018.0,1,9,24,1
17,1361,2,0,123.63671875,6,2,0,147,0,1.0,0,0,1,1
9,1329,17,0,38.7431640625,1852,5,0,241,2,1.0,0,4,5,1
117,238,3,0,371.123046875,639,2,0,4536,0,22.0,0,0,22,1
75,1216,16,0,667.6533203125,1927,2,0,391,1,1.0,0,2,2,1
171,1886,20,0,2159.4921875,1849,2,0,24260,2,125.0,1,2,15,1
71,1218,14,0,1049.173828125,1879,2,0,315,1,1.0,0,3,2,1
267,1868,12,0,6786.0927734375,1880,2,0,1178,1,7.0,0,2,13,1
36,1856,3,0,454.7666015625,1658,2,0,3661,0,1.0,0,0,3,1
42,1835,6,0,11301.5224609375,42,2,0,8924,1,1003071.0,1,2,4,1
105,1118,8,1,4358.369140625,1459,2,0,27872,2,11.0,1,6,11,1
340,1865,14,0,1897.18359375,412,2,0,19459,0,2.0,1,0,1,1
128,1186,3,0,459.517578125,337,2,0,4535,0,22.0,0,0,22,1
11,54,21,0,19.068359375,1,2,0,61,0,1.0,0,0,1,1
659,557,21,0,5716.8544921875,942,2,0,39026,3,4.0,0,2,17,1
45,232,44,0,419.44921875,957,3,0,5286,9,1.0,0,13,2,1
22,1846,21,0,344.0224609375,1656,3,0,3812,2,1.0,0,4,3,1
33,1271,84,1,819.484375,1899,4,0,32,16,1.0,1,7,6,1
70,1682,14,0,1050.25,1886,2,0,317,1,1.0,0,3,2,1
24,1907,33,0,479.353515625,409,4,0,1130,7,1.0,0,6,2,1
19,1802,7,0,90.5205078125,5,3,0,301,1,1.0,0,2,2,1
42,1814,25,2,2447.0341796875,1822,6,0,31436,28,2100.0,1,18,11,1
12,247,7,0,242.9169921875,405,2,0,2470,0,1.0,0,1,1,1
26,1179,5,0,95.853515625,1896,2,0,1085,0,36.0,0,0,3,1
340,1866,14,0,1987.2275390625,412,4,0,19473,0,2.0,1,0,2,1
9,1329,17,0,39.3134765625,1864,5,0,203,2,1.0,0,4,5,1
2104,1748,30,2,12903.572265625,886,21,0,62866,12,128.0,1,15,57,1
42,1834,25,2,2443.5791015625,1822,6,0,31436,28,2100.0,1,18,11,1
171,1886,20,0,2283.908203125,1849,2,0,26739,2,131.0,1,2,15,1
117,238,3,0,371.123046875,639,2,0,4536,0,22.0,0,0,22,1
340,1836,14,0,1867.4296875,412,2,0,19459,0,2.0,1,0,1,1
10,1050,5,0,375.53125,21,2,0,8174,0,1.0,0,0,1,1
201,1359,22,0,6845.8916015625,777,2,0,42741,8,1.0,1,10,10,1
414,1150,23,1,4613.54296875,1574,3,0,51723,7,94.0,1,6,16,1
340,1866,14,0,1986.734375,412,2,0,19459,0,2.0,1,0,1,1
13,1256,3,0,261.3740234375,1905,2,0,131,1,1.0,0,1,1,1
875,1421,40,1,6496.0712890625,1557,5,0,66419,13,1018.0,1,9,24,1
877,1809,47,0,6074.634765625,1258,2,0,11220,4,13.0,1,1,14,1
110,1127,5,0,49183.8017578125,1573,2,0,119,0,1.0,0,0,1,1
1837,1333,87,2,9790.6689453125,1875,5,0,102637,39,86.0,1,31,95,1
213,1335,11,0,873.5087890625,1626,5,0,5079,3,13.0,0,4,24,1
15,76,30,0,275.5361328125,1578,0,0,4340,1,5.0,0,1,1,1
178,1655,42,0,1334.2294921875,1582,4,0,68,1,1.0,1,2,8,1
29,1179,9,0,510.73046875,223,2,0,3730,0,4.0,1,0,4,1
601,1828,17,0,2531.720703125,1830,2,0,6048,3,3.0,1,4,33,1
596,1222,11,0,690.3828125,1813,2,0,100,7,1.0,0,4,4,1
38,1832,8,0,553.5068359375,1050,2,0,731,3,1000.0,0,1,4,1
213,1335,11,0,877.3486328125,1626,5,0,5079,3,13.0,0,4,24,1
289,1817,32,0,7472.484375,239,4,0,20844,10,511.0,1,6,11,1
17,1712,15,0,140.861328125,900,2,0,3017,2,1.0,0,2,2,1
66,1869,6,0,803.185546875,1928,2,0,6493,1,3504.0,0,2,13,1
19,1802,7,0,101.66015625,5,3,0,301,1,1.0,0,2,2,1
15,1087,15,0,114.6005859375,958,2,0,2158,2,1.0,0,2,2,1
213,1335,11,0,874.91015625,1626,5,0,5079,3,13.0,0,4,24,1
875,564,40,1,7248.896484375,1551,5,0,66416,13,1017.0,1,9,24,1
1483,1829,29,0,19724.7314453125,894,9,0,38194,9,92.0,1,7,97,1
75,1216,16,0,667.6650390625,172,2,0,391,1,1.0,0,2,2,1
32,1362,29,0,1084.3876953125,962,2,0,1108,7,30.0,0,4,5,1
32,1802,29,0,546.2216796875,561,2,0,1108,7,30.0,0,4,5,1
48,1897,3,0,11931.4052734375,1905,2,0,122,1,1.0,0,1,1,1
4654,570,79,4,32088.505859375,1811,14,0,126869,39,1074.0,1,31,100,1
362,1235,5,0,1057.6103515625,1272,2,0,9723,1,1.0,0,1,1,1
159,1833,152,9,2353.40234375,1887,474,0,72,32,1182.0,1,21,251,1
286,1653,25,0,4204.8857421875,778,2,0,40300,5,1.0,1,8,10,1
10,1723,0,0,2289.37109375,891,2,0,144,0,1.0,1,1,1,1
221,165,49,1,4157.7138671875,955,4,0,19271,17,1.0,1,15,11,1
97,1219,29,0,872.345703125,1908,2,0,505,2,1.0,0,3,4,1
13,533,2,0,453.529296875,933,2,0,9697,2,1.0,0,2,2,1
875,685,40,1,6932.6015625,1554,5,0,66419,13,1018.0,1,9,24,1
87,221,15,0,477.7568359375,612,2,0,1153,2,1.0,0,6,7,1
17,1361,2,0,123.953125,6,2,0,147,0,1.0,0,0,1,1
157,1249,152,9,2263.92578125,1451,474,0,72,31,360.0,1,20,250,1
17,22,15,0,140.7685546875,918,2,0,3017,2,1.0,0,2,2,1
414,1794,12,0,7220.064453125,1826,2,0,8887,4,11.0,1,9,43,1
428,1863,11,0,878.6298828125,1064,2,0,5677,0,18.0,0,0,23,1
98,573,8,0,1088.9111328125,421,2,0,14913,14,1.0,0,3,22,1
14,119,13,0,100.318359375,1920,2,0,661,4,7.0,0,3,2,1
426,72,0,0,1351.0703125,1881,2,0,17039,0,1.0,0,0,1,1
9,1329,17,0,39.4150390625,1851,5,0,203,2,1.0,0,4,5,1
12,247,7,0,263.2607421875,405,2,0,4002,0,1.0,0,1,1,1
18,1757,23,0,112.29296875,1372,2,0,139,5,1.0,0,5,12,1
213,1335,11,0,883.412109375,1626,5,0,5079,3,13.0,0,4,24,1
12,247,7,0,263.265625,405,2,0,4002,0,1.0,0,1,1,1
1020,1825,13,0,4228.7900390625,417,6,0,6772,1,11.0,1,5,12,1
10,294,0,0,1043.2802734375,891,2,0,144,0,1.0,1,1,1,1
62,1796,16,0,5087.5966796875,1639,5,0,2278,4,101.0,1,3,15,1
340,1870,14,0,1922.2109375,412,2,0,19459,0,2.0,1,0,1,1
54,1819,10,0,4252.7216796875,1906,2,0,6969,2,302.0,1,2,4,1
215,0,23,1,2912.822265625,201,7,0,18998,11,8.0,0,10,33,1
1032,74,11,0,1159.6298828125,1895,2,0,4784,1,6.0,0,5,6,1
331,890,52,4,5546.0205078125,1266,16,0,18136,8,116.0,1,12,11,1
210,544,39,0,1110.349609375,1894,2,0,12408,3,1.0,0,0,5,1
220,74,28,0,1845.82421875,320,2,0,4003,6,13.0,0,7,9,1
15,1562,15,0,108.853515625,1562,2,0,2158,2,1.0,0,2,2,1
15,1801,13,0,1052.8466796875,1920,2,0,661,4,7.0,0,3,2,1
13,120,32,0,202.744140625,410,2,0,155,1,1.0,0,1,1,1
17,1649,6,0,43.83203125,1779,2,0,119,0,1.0,0,0,1,1
664,1860,28,1,4625.478515625,1507,7,0,563,9,291.0,1,4,17,1
9,1329,17,0,39.6376953125,1835,5,0,209,2,1.0,0,4,5,1
21,1802,7,0,103.7861328125,5,3,0,301,1,1.0,0,2,2,1
245,805,34,0,17680.5224609375,592,2,0,7216,1,2.0,0,0,3,1
452,485,9,0,8945.962890625,1581,2,0,24931,2,2.0,1,2,10,1
98,1588,9,0,1147.9931640625,420,2,0,15527,9,1.0,0,3,5,1
311,1817,31,0,8011.0732421875,254,2,0,22932,14,47.0,1,10,11,1
12,247,7,0,267.2509765625,405,2,0,2249,0,1.0,0,1,1,1
495,1852,13,0,7929.1767578125,355,2,0,749,5,3.0,1,2,5,1
14,1196,5,0,745.4541015625,1675,2,0,8178,0,1.0,0,0,1,1
116,705,23,0,1615.4794921875,174,2,0,7993,3,35.0,0,8,11,1
2065,1225,11,1,23169.4072265625,1866,2,0,42851,5,218.0,0,3,18,1
38,1832,8,0,567.69921875,1050,2,0,867,3,1000.0,0,1,4,1
128,238,3,0,445.39453125,639,2,0,4535,0,22.0,0,0,22,1
493,734,2,0,2658.169921875,667,2,0,29480,0,1.0,0,0,9,1
790,1884,22,0,3562.9892578125,990,2,0,30914,4,66.0,1,2,19,1
294,1855,14,0,1261.107421875,227,20,0,6749,2,89.0,0,2,33,1
237,1813,12,0,1056.10546875,419,2,0,1914,1,1.0,0,0,3,1
322,1357,9,1,7583.224609375,1281,2,0,40768,3,1.0,1,6,12,1
26,1179,5,0,140.9716796875,1896,2,0,1566,0,29.0,0,0,3,1
15,1089,15,0,119.8408203125,1637,2,0,2321,2,1.0,0,2,2,1
49,1765,24,0,654.53125,1273,2,0,1667,1,180.0,1,1,5,1
13,120,32,0,203.2900390625,413,2,0,177,1,1.0,0,1,1,1
26,1255,8,0,421.4873046875,1654,2,0,183,1,80.0,0,2,1,1
26,569,7,0,243.818359375,681,2,0,3832,0,1.0,0,0,2,1
40,1859,7,0,12058.2744140625,905,2,0,9194,1,839.0,0,2,4,1
26,1830,8,0,421.5498046875,1654,2,0,183,1,80.0,0,2,1,1
12,1689,20,0,93.71484375,597,2,0,1146,1,1.0,0,1,1,1
12,1689,20,0,93.71484375,597,2,0,1146,1,1.0,0,1,1,1
49,1765,24,0,661.376953125,1273,2,0,1792,2,180.0,1,2,5,1
2481,1838,40,3,21534.8701171875,1634,11,0,193,24,156.0,1,15,104,1
213,1335,11,0,950.4912109375,1626,5,0,5079,3,13.0,0,4,24,1
25,1179,5,0,116.9892578125,1896,2,0,1578,0,29.0,0,0,3,1
15,1252,3,0,1098.28125,721,2,0,86,1,1.0,0,2,1,1
32,1802,29,0,283.1513671875,1357,2,0,1108,7,30.0,0,4,5,1
17,1254,1,0,1166.2763671875,1668,2,0,5475,0,1.0,0,1,1,1
15,1780,15,0,116.9375,1641,2,0,2158,2,1.0,0,2,2,1
81,1765,26,0,910.2841796875,1273,3,0,3295,3,180.0,1,5,7,1
14,525,13,0,118.2373046875,1920,2,0,661,4,7.0,0,3,2,1
927,74,9,0,4337.2783203125,1842,2,0,58923,2,1.0,0,3,4,1
13,120,32,0,200.7158203125,410,2,0,155,1,1.0,0,1,1,1
22,1385,31,0,4499.0830078125,1669,2,0,6583,4,1.0,1,5,4,1
520,1395,3,0,3326.9677734375,1913,2,0,29545,0,1.0,0,0,4,1
596,1222,11,0,689.2841796875,1625,2,0,87,7,1.0,0,4,4,1
26,16,8,0,115.7412109375,1654,2,0,183,1,80.0,0,2,1,1
11,813,21,0,24.9541015625,1,2,0,61,0,1.0,0,0,1,1
39,1218,16,0,681.5068359375,251,2,0,310,1,1.0,0,3,3,1
97,1219,29,0,872.3876953125,1863,2,0,505,2,1.0,0,3,4,1
26,1890,8,0,421.5361328125,1654,2,0,183,1,80.0,0,2,1,1
12,247,7,0,267.255859375,405,2,0,2249,0,1.0,0,1,1,1
38,74,19,0,358.7080078125,1947,4,0,2983,6,1.0,0,3,3,1
1943,1892,55,1,11623.6669921875,1635,9,0,57967,13,6008280.0,1,8,46,1
1012,1207,11,0,1225.25,1895,2,0,1352,1,1.0,0,5,6,1
26,1179,5,0,146.740234375,1896,2,0,1682,0,36.0,0,0,3,1
2516,1895,40,3,18962.79296875,1474,11,0,193,24,156.0,1,15,106,1
15,1874,3,0,1082.0078125,721,2,0,86,1,1.0,0,2,1,1
75,1216,16,0,674.69921875,169,2,0,637,1,1.0,0,2,2,1
171,1886,20,0,2155.12890625,1946,2,0,24260,2,115.0,1,2,15,1
15,524,13,0,1060.359375,1920,2,0,661,4,7.0,0,3,2,1
213,1335,11,0,874.91015625,1626,5,0,5079,3,13.0,0,4,24,1
21,1802,7,0,93.21875,5,3,0,301,1,1.0,0,2,2,1
455,1861,12,0,3147.2236328125,1937,2,0,15270,1,1.0,1,3,2,1
113,784,18,0,4539.3857421875,729,2,0,50624,5,16000.0,1,7,11,1
149,254,13,0,16474.4951171875,672,2,0,24035,5,1.0,1,6,10,1
270,1593,4,0,1104.9482421875,297,2,0,12481,1,1.0,0,1,1,1
54,1190,12,0,3370.2646484375,1903,2,0,5196,1,3.0,0,1,5,1
447,504,12,0,5937.623046875,481,2,0,39582,1,131121.0,0,1,5,1
162,750,26,0,2146.28125,616,2,0,9180,2,1.0,0,1,21,1
293,422,42,0,4789.376953125,1274,8,0,4762,3,15.0,1,2,7,1
20,1147,3,0,35.5966796875,1889,2,0,186,0,1.0,0,0,2,1
421,510,3,0,3492.3369140625,1922,2,0,1414,0,1.0,0,0,1,1
15,1816,3,0,1081.7041015625,721,2,0,86,1,1.0,0,2,1,1
257,1898,18,0,3272.005859375,911,2,0,12012,5,45.0,1,0,9,1
49,1765,24,0,654.529296875,1273,2,0,1667,1,180.0,1,1,5,1
291,1802,14,0,586.240234375,1723,2,0,5583,1,1.0,0,6,2,1
1021,1831,12,0,3762.55078125,1819,7,0,23417,4,6.0,0,3,38,1
507,1486,17,0,14859.1513671875,1640,7,0,24469,5,12.0,1,1,11,1
70,270,32,0,112.7666015625,1736,2,0,373,2,13.0,0,6,3,1
11,1617,1,0,2988.6982421875,1038,2,0,83,0,1.0,1,0,1,1
732,1828,21,0,2869.3876953125,1830,11,0,5477,5,4.0,1,5,47,1
17,1712,15,0,140.861328125,900,2,0,3017,2,1.0,0,2,2,1
42,1880,25,2,2464.3642578125,1822,6,0,31436,28,2100.0,1,18,11,1
188,288,152,9,2407.2587890625,1901,474,0,72,29,318.0,1,19,258,1
25,1878,24,0,120.82421875,932,2,0,968,1,5.0,0,6,10,1
22,1187,17,0,249.75390625,336,2,0,4083,1,149.0,0,4,2,1
42,1883,25,2,2477.7001953125,1822,6,0,31436,28,2100.0,1,18,11,1
18,1864,14,0,2099.423828125,1023,2,0,11036,2,47.0,0,3,8,1
13,120,32,0,201.751953125,410,2,0,155,1,1.0,0,1,1,1
9,1329,17,0,39.3173828125,1917,5,0,203,2,1.0,0,4,5,1
13,120,32,0,203.26953125,406,2,0,177,1,1.0,0,1,1,1
206,1263,11,0,16655.7509765625,938,2,0,1288,2,29.0,1,3,6,1
18,251,11,0,3384.5654296875,1926,2,0,26234,3,56.0,0,5,5,1
30,1876,7,0,1031.6943359375,1588,2,0,3421,1,1.0,0,1,1,1
14,2,13,0,66.5625,1920,2,0,661,4,7.0,0,3,2,1
339,1818,8,0,34837.82421875,1919,2,0,5310,1,6607.0,1,1,5,1
42,1495,30,0,735.61328125,630,2,0,6182,1,2.0,0,0,3,1
480,1817,33,0,8176.798828125,967,3,0,21084,18,21.0,1,15,7,1
15,1801,13,0,1052.869140625,1920,2,0,661,4,7.0,0,3,2,1
32,1802,29,0,268.130859375,666,2,0,1108,7,30.0,0,4,5,1
9,1683,19,0,142.9287109375,411,0,0,1064,1,10000.0,0,2,2,1
12,1689,20,0,92.5048828125,597,2,0,1124,1,1.0,0,1,1,1
42,74,12,0,196.2314453125,1284,2,0,1962,2,1.0,0,3,3,1
213,1335,11,0,874.91015625,1626,5,0,5079,3,13.0,0,4,24,1
875,612,40,1,6903.109375,1553,5,0,66419,13,1018.0,1,9,24,1
12,247,7,0,241.970703125,405,2,0,2470,0,1.0,0,1,1,1
169,1886,20,0,2442.1533203125,1890,2,0,35201,2,139.0,1,2,15,1
312,1659,11,0,4372.4296875,1785,2,0,39348,2,3.0,1,2,8,1
12,1689,20,0,88.646484375,598,2,0,1078,1,1.0,0,1,1,1
927,74,9,0,1192.2861328125,1842,2,0,4589,2,1.0,0,3,4,1
4061,152,23,8,20447.7607421875,215,8,0,125675,11,12050.0,1,14,11,2
6087,515,23,7,31109.6962890625,937,11,0,67531,24,677.0,1,29,55,2
4061,152,23,8,20447.7607421875,215,8,0,125675,11,12050.0,1,14,11,2
649,1608,10,3,3320.9296875,1363,2,0,44938,8,35.0,0,12,7,2
2614,1563,29,4,17983.509765625,1738,13,0,215879,15,662.0,1,17,82,2
6087,515,23,7,31109.6962890625,937,11,0,67531,24,677.0,1,29,55,2
3375,322,18,8,111943.4033203125,885,18,0,113833,13,1517.0,1,14,81,2
4061,152,23,8,20447.7607421875,215,8,0,125675,11,12050.0,1,14,11,2
1007,640,10,3,5539.7431640625,1277,2,0,35910,8,3.0,0,9,8,2
4061,152,23,8,20447.7607421875,215,8,0,125675,11,12050.0,1,14,11,2
1913,1432,18,13,38890.18359375,1283,17,0,221856,21,1000902.0,1,14,52,2
4061,152,23,8,20447.7607421875,215,8,0,125675,11,12050.0,1,14,11,2
1500,161,35,6,9714.62109375,1580,3,0,66001,17,8.0,0,15,37,2
2575,630,22,10,19594.6171875,1850,5,0,174281,24,375.0,0,12,35,2
1913,1432,18,13,38890.18359375,1283,17,0,221856,21,1000902.0,1,14,52,2
794,1396,3,1,5846.8681640625,1821,2,0,24706,1,2.0,0,0,5,2
4061,152,23,8,20447.7607421875,215,8,0,125675,11,12050.0,1,14,11,2
4061,152,23,8,20447.7607421875,215,8,0,125675,11,12050.0,1,14,11,2
689,341,12,1,78914.150390625,1655,5,0,51405,1,100028.0,1,2,13,2
4061,152,23,8,20447.7607421875,215,8,0,125675,11,12050.0,1,14,11,2
6087,515,23,7,31109.6962890625,937,11,0,67531,24,677.0,1,29,55,2
4061,152,23,8,20447.7607421875,215,8,0,125675,11,12050.0,1,14,11,2
649,1608,10,3,3320.9296875,1363,2,0,44938,8,35.0,0,12,7,2
2614,1563,29,4,17983.509765625,1738,13,0,215879,15,662.0,1,17,82,2
6087,515,23,7,31109.6962890625,937,11,0,67531,24,677.0,1,29,55,2
3375,322,18,8,111943.4033203125,885,18,0,113833,13,1517.0,1,14,81,2
4061,152,23,8,20447.7607421875,215,8,0,125675,11,12050.0,1,14,11,2
1007,640,10,3,5539.7431640625,1277,2,0,35910,8,3.0,0,9,8,2
4061,152,23,8,20447.7607421875,215,8,0,125675,11,12050.0,1,14,11,2
1913,1432,18,13,38890.18359375,1283,17,0,221856,21,1000902.0,1,14,52,2
4061,152,23,8,20447.7607421875,215,8,0,125675,11,12050.0,1,14,11,2
1500,161,35,6,9714.62109375,1580,3,0,66001,17,8.0,0,15,37,2
2575,630,22,10,19594.6171875,1850,5,0,174281,24,375.0,0,12,35,2
1913,1432,18,13,38890.18359375,1283,17,0,221856,21,1000902.0,1,14,52,2
794,1396,3,1,5846.8681640625,1821,2,0,24706,1,2.0,0,0,5,2
4061,152,23,8,20447.7607421875,215,8,0,125675,11,12050.0,1,14,11,2
4061,152,23,8,20447.7607421875,215,8,0,125675,11,12050.0,1,14,11,2
689,341,12,1,78914.150390625,1655,5,0,51405,1,100028.0,1,2,13,2
6087,515,23,7,31109.6962890625,937,11,0,67531,24,677.0,1,29,55,2
4061,152,23,8,20447.7607421875,215,8,0,125675,11,12050.0,1,14,11,2
874,346,12,1,77270.22591135192,1630,5,0,51959,1,96611.46603868193,1,2,14,2
4061,152,23,8,20447.7607421875,215,8,0,125675,11,12050.0,1,14,11,2
4061,152,23,8,20447.7607421875,215,8,0,125675,11,12050.0,1,14,11,2
1913,1432,18,13,38890.18359375,1283,17,0,221856,21,1000902.0,1,14,52,2
2371,395,15,2,64012.9725607601,1431,6,0,56431,8,69059.19287944093,1,10,26,2
2614,1563,29,4,17983.509765625,1738,13,0,215879,15,662.0,1,17,82,2
6087,515,23,7,31109.6962890625,937,11,0,67531,24,677.0,1,29,55,2
6087,515,23,7,31109.6962890625,937,11,0,67531,24,677.0,1,29,55,2
726,374,12,1,77696.80654215909,1643,5,0,56589,1,127428.41804723104,1,2,14,2
4061,152,23,8,20447.7607421875,215,8,0,125675,11,12050.0,1,14,11,2
2577,686,22,9,19497.14348322277,1843,5,0,176797,23,392.3638037710777,0,12,37,2
4061,152,23,8,20447.7607421875,215,8,0,125675,11,12050.0,1,14,11,2
3344,303,30,6,18317.58128312358,1321,6,0,66616,19,277.00491417538404,0,20,44,2
4061,152,23,8,20447.7607421875,215,8,0,125675,11,12050.0,1,14,11,2
4061,152,23,8,20447.7607421875,215,8,0,125675,11,12050.0,1,14,11,2
1673,1218,16,10,46734.19517197039,1355,14,0,188450,17,824346.134801015,1,11,44,2
1913,1432,18,13,38890.18359375,1283,17,0,221856,21,1000902.0,1,14,52,2
4061,152,23,8,20447.7607421875,215,8,0,125675,11,12050.0,1,14,11,2
4061,152,23,8,20447.7607421875,215,8,0,125675,11,12050.0,1,14,11,2
2744,257,31,6,15520.154032727743,1405,5,0,66416,18,189.53250225673636,0,18,41,2
4061,152,23,8,20447.7607421875,215,8,0,125675,11,12050.0,1,14,11,2
3619,261,19,8,79302.0284525988,645,14,0,118057,12,5274.682790063576,1,14,56,2
2205,389,15,2,65484.22951672964,1453,6,0,55935,7,72116.87552804903,1,9,24,2
2614,1563,29,4,17983.509765625,1738,13,0,215879,15,662.0,1,17,82,2
2575,630,22,10,19594.6171875,1850,5,0,174281,24,375.0,0,12,35,2
4061,152,23,8,20447.7607421875,215,8,0,125675,11,12050.0,1,14,11,2
2611,1493,28,4,18103.618860963037,1746,12,0,212777,15,640.6039652639058,0,16,78,2
4061,152,23,8,20447.7607421875,215,8,0,125675,11,12050.0,1,14,11,2
4061,152,23,8,20447.7607421875,215,8,0,125675,11,12050.0,1,14,11,2
4061,152,23,8,20447.7607421875,215,8,0,125675,11,12050.0,1,14,11,2
1906,1425,17,12,39111.20062615352,1285,16,0,220914,20,995927.2682583918,1,13,51,2
5090,482,20,5,39931.46196246129,1069,9,0,64555,19,19011.09162158378,1,24,47,2
4061,152,23,8,20447.7607421875,215,8,0,125675,11,12050.0,1,14,11,2
4624,467,20,5,44064.36068629956,1131,9,0,63160,17,27600.408847959872,1,21,43,2
4852,475,20,5,42043.99250258051,1101,9,0,63842,18,23401.519786404606,1,22,45,2
783,1411,3,1,5659.835929263691,1787,2,0,26204,1,4.443473507224982,0,0,5,2
2623,403,15,3,61777.891923447154,1397,7,0,57185,9,64414.071403397975,1,11,28,2
1913,1432,18,13,38890.18359375,1283,17,0,221856,21,1000902.0,1,14,52,2
4061,152,23,8,20447.7607421875,215,8,0,125675,11,12050.0,1,14,11,2
1150,751,14,5,63837.04712645056,1514,9,0,115614,8,439388.9232923506,1,6,27,2
3017,278,31,6,16794.209217452815,1367,5,0,66507,19,229.3707786264223,0,19,42,2
4061,152,23,8,20447.7607421875,215,8,0,125675,11,12050.0,1,14,11,2
1913,1432,18,13,38890.18359375,1283,17,0,221856,21,1000902.0,1,14,52,2
4061,152,23,8,20447.7607421875,215,8,0,125675,11,12050.0,1,14,11,2
2614,1563,29,4,17983.509765625,1738,13,0,215879,15,662.0,1,17,82,2
1913,1432,18,13,38890.18359375,1283,17,0,221856,21,1000902.0,1,14,52,2
1913,1432,18,13,38890.18359375,1283,17,0,221856,21,1000902.0,1,14,52,2
818,1150,10,3,4368.686527283286,1322,2,0,40674,8,19.889122394817623,0,10,7,2
4061,152,23,8,20447.7607421875,215,8,0,125675,11,12050.0,1,14,11,2
4061,152,23,8,20447.7607421875,215,8,0,125675,11,12050.0,1,14,11,2
4061,152,23,8,20447.7607421875,215,8,0,125675,11,12050.0,1,14,11,2
4061,152,23,8,20447.7607421875,215,8,0,125675,11,12050.0,1,14,11,2
2550,242,32,6,14614.795500816643,1432,4,0,66351,18,161.22295661039868,0,18,41,2
4061,152,23,8,20447.7607421875,215,8,0,125675,11,12050.0,1,14,11,2
1913,1432,18,13,38890.18359375,1283,17,0,221856,21,1000902.0,1,14,52,2
3668,249,20,8,72825.26311709106,598,13,0,118895,12,6020.289546370604,1,14,51,2
4061,152,23,8,20447.7607421875,215,8,0,125675,11,12050.0,1,14,11,2
1271,359,13,1,73756.4596209715,1577,5,0,53144,3,89308.87883678821,1,4,17,2
649,1608,10,3,3320.9296875,1363,2,0,44938,8,35.0,0,12,7,2
4124,451,19,4,48490.898095609096,1198,8,0,61667,15,36799.989230532155,1,19,39,2
